2023,GALOPIN DES CHAMPS (FR),P. Townend,"W. P. Mullins, Ireland",BRAVEMANSGAME (FR),Harry Cobden,Paul Nicholls,CONFLATED (IRE),Sam Ewing,"Gordon Elliott, Ireland",1,gold cup
2022,A PLUS TARD (FR),Rachael Blackmore,"Henry de Bromhead, Ireland",MINELLA INDO (IRE),Robbie Power,"Henry de Bromhead, Ireland",PROTEKTORAT (FR),Harry Skelton,Dan Skelton,2,gold cup
2021,MINELLA INDO (IRE),J. W. Kennedy,"Henry de Bromhead, Ireland",A PLUS TARD (FR),Rachael Blackmore,"Henry de Bromhead, Ireland",AL BOUM PHOTO (FR),P. Townend,"W. P. Mullins, Ireland",3,gold cup
2020,AL BOUM PHOTO (FR),P. Townend,"W. P. Mullins, Ireland",SANTINI,Nico de Boinville,Nicky Henderson,LOSTINTRANSLATION (IRE),Robbie Power,Colin Tizzard,4,gold cup
2019,AL BOUM PHOTO (FR),P. Townend,"W. P. Mullins, Ireland",ANIBALE FLY (FR),Barry Geraghty,"A. J. Martin, Ireland",BRISTOL DE MAI (FR),Daryl Jacob,Nigel Twiston-Davies,5,gold cup
2018,NATIVE RIVER (IRE),Richard Johnson,Colin Tizzard,MIGHT BITE (IRE),Nico de Boinville,Nicky Henderson,ANIBALE FLY (FR),Barry Geraghty,"A. J. Martin, Ireland",6,gold cup
2017,SIZING JOHN,Robbie Power,"Mrs J. Harrington, Ireland",MINELLA ROCCO (IRE),Noel Fehily,Jonjo O Neill,NATIVE RIVER (IRE),Richard Johnson,Colin Tizzard,7,gold cup
2016,DON COSSACK (GER),B. J. Cooper,"Gordon Elliott, Ireland",DJAKADAM (FR),R. Walsh,"W. P. Mullins, Ireland",DON POLI (IRE),Davy Russell,"W. P. Mullins, Ireland",8,gold cup
2015,CONEYGREE,Nico de Boinville,Mark Bradstock,DJAKADAM (FR),R. Walsh,"W. P. Mullins, Ireland",ROAD TO RICHES (IRE),B. J. Cooper,"Noel Meade, Ireland",9,gold cup
2014,LORD WINDERMERE (IRE),Davy Russell,"J. Culloty, Ireland",ON HIS OWN (IRE),D. J. Casey,"W. P. Mullins, Ireland",THE GIANT BOLSTER,Tom Scudamore,David Bridgwater,10,gold cup
2013,BOBS WORTH (IRE),Barry Geraghty,Nicky Henderson,SIR DES CHAMPS (FR),A. P. McCoy,"W. P. Mullins, Ireland",LONG RUN (FR),Mr Sam Waley-Cohen,Nicky Henderson,11,gold cup
2012,SYNCHRONISED (IRE),A. P. McCoy,Jonjo O Neill,THE GIANT BOLSTER,Tom Scudamore,David Bridgwater,LONG RUN (FR),Mr Sam Waley-Cohen,Nicky Henderson,12,gold cup
2011,LONG RUN (FR),Mr Sam Waley-Cohen,Nicky Henderson,DENMAN (IRE),Sam Thomas,Paul Nicholls,KAUTO STAR (FR),R. Walsh,Paul Nicholls,13,gold cup
2010,IMPERIAL COMMANDER (IRE),Paddy Brennan,Nigel Twiston-Davies,DENMAN (IRE),A. P. McCoy,Paul Nicholls,MON MOME (FR),Aidan Coleman,Venetia Williams,14,gold cup
2009,KAUTO STAR (FR),R. Walsh,Paul Nicholls,DENMAN (IRE),Sam Thomas,Paul Nicholls,EXOTIC DANCER (FR),A. P. McCoy,Jonjo O Neill,15,gold cup
2008,DENMAN (IRE),Sam Thomas,Paul Nicholls,KAUTO STAR (FR),R. Walsh,Paul Nicholls,NEPTUNE COLLONGES (FR),Mick Fitzgerald,Paul Nicholls,16,gold cup
2007,KAUTO STAR (FR),R. Walsh,Paul Nicholls,EXOTIC DANCER (FR),A. P. McCoy,Jonjo O Neill,TURPIN GREEN (IRE),Tony Dobbin,Nicky Richards,17,gold cup
2006,WAR OF ATTRITION (IRE),Conor O Dwyer,"M. F. Morris, Ireland",HEDGEHUNTER (IRE),R. Walsh,"W. P. Mullins, Ireland",FORGET THE PAST,Barry Geraghty,"M. J. P. OBrien, Ireland",18,gold cup
2005,KICKING KING (IRE),Barry Geraghty,"Tom J. Taaffe, Ireland",TAKE THE STAND (IRE),Tony Dobbin,Peter Bowen,SIR REMBRANDT (IRE),Andrew Thornton,R. H. Alner,19,gold cup
2004,BEST MATE (IRE),Jim Culloty,Henrietta C Knight,SIR REMBRANDT (IRE),Andrew Thornton,R. H. Alner,HARBOUR PILOT (IRE),Paul Carberry,"Noel Meade, Ireland",20,gold cup
2003,BEST MATE (IRE),Jim Culloty,Henrietta C Knight,TRUCKERS TAVERN (IRE),Davy Russell,"Ferdy Murphy, France",HARBOUR PILOT (IRE),Paul Carberry,"Noel Meade, Ireland",21,gold cup
2002,BEST MATE (IRE),Jim Culloty,Henrietta C Knight,COMMANCHE COURT (IRE),R. Walsh,"T. M. Walsh, Ireland",SEE MORE BUSINESS (IRE),Joe Tizzard,Paul Nicholls,22,gold cup
2023,MARINE NATIONALE (IRE),M. J. M. O Sullivan,"Barry Connell, Ireland",FACILE VEGA (IRE),P. Townend,"W. P. Mullins, Ireland",DIVERGE,Mr P. W. Mullins,"W. P. Mullins, Ireland",23,supreme novices hurdle
2022,CONSTITUTION HILL,Nico de Boinville,Nicky Henderson,JONBON (FR),Aidan Coleman,Nicky Henderson,KILCRUIT (IRE),Mr P. W. Mullins,"W. P. Mullins, Ireland",24,supreme novices hurdle
2021,APPRECIATE IT (IRE),P. Townend,"W. P. Mullins, Ireland",BALLYADAM (IRE),J. W. Kennedy,"Henry de Bromhead, Ireland",FOR PLEASURE (IRE),Harry Bannister,Alex Hales,25,supreme novices hurdle
2020,SHISHKIN (IRE),Nico de Boinville,Nicky Henderson,ABACADABRAS (FR),Davy Russell,"Gordon Elliott, Ireland",CHANTRY HOUSE (IRE),Barry Geraghty,Nicky Henderson,26,supreme novices hurdle
2019,KLASSICAL DREAM (FR),R. Walsh,"W. P. Mullins, Ireland",THOMAS DARBY (IRE),Richard Johnson,Olly Murphy,ITCHY FEET (FR),Gavin Sheehan,Olly Murphy,27,supreme novices hurdle
2018,SUMMERVILLE BOY (IRE),Noel Fehily,Tom George,KALASHNIKOV (IRE),Jack Quinlan,Amy Murphy,MENGLI KHAN (IRE),J. W. Kennedy,"Gordon Elliott, Ireland",28,supreme novices hurdle
2017,LABAIK (FR),J. W. Kennedy,"Gordon Elliott, Ireland",MELON,R. Walsh,"W. P. Mullins, Ireland",RIVER WYLDE (IRE),Nico de Boinville,Nicky Henderson,29,supreme novices hurdle
2016,ALTIOR (IRE),Nico de Boinville,Nicky Henderson,MIN (FR),R. Walsh,"W. P. Mullins, Ireland",BUVEUR D AIR (FR),Noel Fehily,Nicky Henderson,30,supreme novices hurdle
2015,DOUVAN (FR),R. Walsh,"W. P. Mullins, Ireland",SHANESHILL (IRE),P. Townend,"W. P. Mullins, Ireland",SIZING JOHN,Jonathan Burke,"Henry de Bromhead, Ireland",31,supreme novices hurdle
2014,VAUTOUR (FR),R. Walsh,"W. P. Mullins, Ireland",JOSSES HILL (IRE),Andrew Tinkler,Nicky Henderson,VANITEUX (FR),Barry Geraghty,Nicky Henderson,32,supreme novices hurdle
2013,CHAMPAGNE FEVER (IRE),R. Walsh,"W. P. Mullins, Ireland",MY TENT OR YOURS (IRE),A. P. McCoy,Nicky Henderson,JEZKI (IRE),Robbie Power,"Mrs J. Harrington, Ireland",33,supreme novices hurdle
2012,CINDERS AND ASHES,Jason Maguire,Donald McCain,DARLAN,A. P. McCoy,Nicky Henderson,TRIFOLIUM (FR),Davy Russell,"Charles Byrnes, Ireland",34,supreme novices hurdle
2011,AL FEROF (FR),R. Walsh,Paul Nicholls,SPIRIT SON (FR),Barry Geraghty,Nicky Henderson,SPRINTER SACRE (FR),A. P. McCoy,Nicky Henderson,35,supreme novices hurdle
2010,MENORAH (IRE),Richard Johnson,Philip Hobbs,GET ME OUT OF HERE (IRE),A. P. McCoy,Jonjo O Neill,DUNGUIB (IRE),Brian O Connell,"Philip Fenton, Ireland",36,supreme novices hurdle
2009,GO NATIVE (IRE),Paul Carberry,"Noel Meade, Ireland",MEDERMIT (FR),Robert Thornton,Alan King,SOMERSBY (IRE),Dominic Elsworth,Henrietta C Knight,37,supreme novices hurdle
2008,CAPTAIN CEE BEE (IRE),Robert Thornton,"Edward P. Harty, Ireland",BINOCULAR (FR),A. P. McCoy,Nicky Henderson,SNAP TIE (IRE),Richard Johnson,Philip Hobbs,38,supreme novices hurdle
2007,EBAZIYAN (IRE),Davy Condon,"W. P. Mullins, Ireland",GRANIT JACK (FR),R. Walsh,Paul Nicholls,AMARETTO ROSE,Mick Fitzgerald,Nicky Henderson,39,supreme novices hurdle
2006,NOLAND,R. Walsh,Paul Nicholls,STRAW BEAR (USA),A. P. McCoy,Nick Gifford,BUENA VISTA (IRE),Timmy Murphy,M. C. Pipe,40,supreme novices hurdle
2005,ARCALIS,Graham Lee,Howard Johnson,WILD PASSION (GER),Paul Carberry,"Noel Meade, Ireland",DUSKY WARBLER,Jamie Moore,Gary Moore,41,supreme novices hurdle
2004,BRAVE INCA (IRE),B. M. Cash,"Colm A. Murphy, Ireland",WAR OF ATTRITION (IRE),Conor O Dwyer,"M. F. Morris, Ireland",FLEET STREET,Andrew Tinkler,Nicky Henderson,42,supreme novices hurdle
2003,BACK IN FRONT (IRE),Norman Williamson,"E. J. O Grady, Ireland",KICKING KING (IRE),Barry Geraghty,"Tom J. Taaffe, Ireland",CHAUVINIST (IRE),Mick Fitzgerald,Nicky Henderson,43,supreme novices hurdle
2002,LIKE-A-BUTTERFLY (IRE),C. F. Swan,"C. Roche, Ireland",WESTENDER (FR),A. P. McCoy,M. C. Pipe,IN CONTRAST (IRE),Richard Johnson,Philip Hobbs,44,supreme novices hurdle
2023,EL FABIOLO (FR),P. Townend,"W. P. Mullins, Ireland",JONBON (FR),Aidan Coleman,Nicky Henderson,SAINT ROI (FR),M. P. Walsh,"W. P. Mullins, Ireland",45,arkle
2022,EDWARDSTONE,Tom Cannon,Alan King,GABYNAKO (FR),Keith Donoghue,"Gavin Patrick Cromwell, Ireland",BLUE LORD (FR),P. Townend,"W. P. Mullins, Ireland",46,arkle
2021,SHISHKIN (IRE),Nico de Boinville,Nicky Henderson,ELDORADO ALLEN (FR),Harry Cobden,Colin Tizzard,CAPTAIN GUINNESS (IRE),Rachael Blackmore,"Henry de Bromhead, Ireland",47,arkle
2020,PUT THE KETTLE ON (IRE),Aidan Coleman,"Henry de Bromhead, Ireland",FAKIR DOUDAIRIES (FR),M. P. Walsh,"Joseph Patrick O Brien, Ireland",ROUGE VIF (FR),Gavin Sheehan,Harry Whittington,48,arkle
2019,DUC DES GENIEVRES (FR),P. Townend,"W. P. Mullins, Ireland",US AND THEM (IRE),J. J. Slevin,"Joseph Patrick O Brien, Ireland",ARTICULUM (IRE),D. J. Mullins,"Terence O Brien, Ireland",49,arkle
2018,FOOTPAD (FR),R. Walsh,"W. P. Mullins, Ireland",BRAIN POWER (IRE),Nico de Boinville,Nicky Henderson,PETIT MOUCHOIR (FR),Davy Russell,"Henry de Bromhead, Ireland",50,arkle
2017,ALTIOR (IRE),Nico de Boinville,Nicky Henderson,CLOUDY DREAM (IRE),Brian Hughes,Malcolm Jefferson,ORDINARY WORLD (IRE),Davy Russell,"Henry de Bromhead, Ireland",51,arkle
2016,DOUVAN (FR),R. Walsh,"W. P. Mullins, Ireland",SIZING JOHN,Jonathan Burke,"Henry de Bromhead, Ireland",FOX NORTON (FR),Richard Johnson,Neil Mulholland,52,arkle
2015,UN DE SCEAUX (FR),R. Walsh,"W. P. Mullins, Ireland",GODS OWN (IRE),Paddy Brennan,Tom George,JOSSES HILL (IRE),Barry Geraghty,Nicky Henderson,53,arkle
2014,WESTERN WARHORSE (IRE),Tom Scudamore,David Pipe,CHAMPAGNE FEVER (IRE),R. Walsh,"W. P. Mullins, Ireland",TRIFOLIUM (FR),B. J. Cooper,"Charles Byrnes, Ireland",54,arkle
2013,SIMONSIG,Barry Geraghty,Nicky Henderson,BAILY GREEN (IRE),D. J. Casey,"M. F. Morris, Ireland",HIS EXCELLENCY (IRE),Tom Scudamore,David Pipe,55,arkle
2012,SPRINTER SACRE (FR),Barry Geraghty,Nicky Henderson,CUE CARD,Joe Tizzard,Colin Tizzard,MENORAH (IRE),Richard Johnson,Philip Hobbs,56,arkle
2011,CAPTAIN CHRIS (IRE),Richard Johnson,Philip Hobbs,FINIANS RAINBOW (IRE),Barry Geraghty,Nicky Henderson,REALT DUBH (IRE),Paul Carberry,"Noel Meade, Ireland",57,arkle
2010,SIZING EUROPE (IRE),A. E. Lynch,"Henry de Bromhead, Ireland",SOMERSBY (IRE),Robert Thornton,Henrietta C Knight,OSANA (FR),Andrew J. McNamara,"E. J. O Grady, Ireland",58,arkle
2009,FORPADYDEPLASTERER (IRE),Barry Geraghty,"Thomas Cooper, Ireland",KALAHARI KING (FR),Graham Lee,"Ferdy Murphy, France",PLANET OF SOUND,Richard Johnson,Philip Hobbs,59,arkle
2008,TIDAL BAY (IRE),Denis O Regan,Howard Johnson,KRUGUYROVA (FR),A. P. McCoy,Charles Egerton,NOLAND,R. Walsh,Paul Nicholls,60,arkle
2007,MY WAY DE SOLZEN (FR),Robert Thornton,Alan King,FAIR ALONG (GER),Richard Johnson,Philip Hobbs,JACK THE GIANT (IRE),Mick Fitzgerald,Nicky Henderson,61,arkle
2006,VOY POR USTEDES (FR),Robert Thornton,Alan King,MONETS GARDEN (IRE),Tony Dobbin,Nicky Richards,FOREMAN (GER),A. P. McCoy,"Thierry Doumen, France",62,arkle
2005,CONTRABAND,Timmy Murphy,M. C. Pipe,ASHLEY BROOK (IRE),Paddy Brennan,Kevin Bishop,RIVER CITY (IRE),Tom Doyle,Noel Chance,63,arkle
2004,WELL CHIEF (GER),A. P. McCoy,M. C. Pipe,KICKING KING (IRE),Barry Geraghty,"Tom J. Taaffe, Ireland",LE DUC (FR),Joe Tizzard,Paul Nicholls,64,arkle
2003,AZERTYUIOP (FR),R. Walsh,Paul Nicholls,IMPEK (FR),Jim Culloty,Henrietta C Knight,ISIO (FR),Mick Fitzgerald,Nicky Henderson,65,arkle
2002,MOSCOW FLYER (IRE),Barry Geraghty,"Mrs J. Harrington, Ireland",SEEBALD (GER),A. P. McCoy,M. C. Pipe,ARMATURK (FR),Timmy Murphy,Paul Nicholls,66,arkle
2023,IMPAIRE ET PASSE (FR),P. Townend,"W. P. Mullins, Ireland",GAELIC WARRIOR (GER),Mr P. W. Mullins,"W. P. Mullins, Ireland",CHAMP KIELY (IRE),D. E. Mullins,"W. P. Mullins, Ireland",67,ballymore novices hurdle
2022,SIR GERHARD (IRE),P. Townend,"W. P. Mullins, Ireland",THREE STRIPE LIFE (IRE),Davy Russell,"Gordon Elliott, Ireland",WHATDEAWANT (IRE),D. E. Mullins,"W. P. Mullins, Ireland",68,ballymore novices hurdle
2021,BOB OLINGER (IRE),Rachael Blackmore,"Henry de Bromhead, Ireland",GAILLARD DU MESNIL (FR),P. Townend,"W. P. Mullins, Ireland",BRAVEMANSGAME (FR),Harry Cobden,Paul Nicholls,69,ballymore novices hurdle
2020,ENVOI ALLEN (FR),Davy Russell,"Gordon Elliott, Ireland",EASYWORK (FR),Rachael Blackmore,"Gordon Elliott, Ireland",THE BIG GETAWAY (IRE),P. Townend,"W. P. Mullins, Ireland",70,ballymore novices hurdle
2019,CITY ISLAND (IRE),M. P. Walsh,"Martin Brassil, Ireland",CHAMP (IRE),Barry Geraghty,Nicky Henderson,BRIGHT FORECAST (IRE),Nico de Boinville,Ben Pauling,71,ballymore novices hurdle
2018,SAMCRO (IRE),J. W. Kennedy,"Gordon Elliott, Ireland",BLACK OP (IRE),Noel Fehily,Tom George,NEXT DESTINATION (IRE),R. Walsh,"W. P. Mullins, Ireland",72,ballymore novices hurdle
2017,WILLOUGHBY COURT (IRE),David Bass,Ben Pauling,NEON WOLF (IRE),Noel Fehily,Harry Fry,MESSIRE DES OBEAUX (FR),Daryl Jacob,Alan King,73,ballymore novices hurdle
2016,YORKHILL (IRE),R. Walsh,"W. P. Mullins, Ireland",YANWORTH,Barry Geraghty,Alan King,ITS AFREEBEE (IRE),Ian Popham,Dan Skelton,74,ballymore novices hurdle
2015,WINDSOR PARK (IRE),Davy Russell,"D. K. Weld, Ireland",PARLOUR GAMES,A. P. McCoy,John Ferguson,NICHOLS CANYON,R. Walsh,"W. P. Mullins, Ireland",75,ballymore novices hurdle
2014,FAUGHEEN (IRE),R. Walsh,"W. P. Mullins, Ireland",BALLYALTON (IRE),William Kennedy,Ian Williams,RATHVINDEN (IRE),P. Townend,"W. P. Mullins, Ireland",76,ballymore novices hurdle
2013,THE NEW ONE (IRE),Sam Twiston-Davies,Nigel Twiston-Davies,RULE THE WORLD,Davy Russell,"M. F. Morris, Ireland",PONT ALEXANDRE (GER),R. Walsh,"W. P. Mullins, Ireland",77,ballymore novices hurdle
2012,SIMONSIG,Barry Geraghty,Nicky Henderson,FELIX YONGER (IRE),P. Townend,"W. P. Mullins, Ireland",MONKSLAND (IRE),Paul Carberry,"Noel Meade, Ireland",78,ballymore novices hurdle
2011,FIRST LIEUTENANT (IRE),Davy Russell,"M. F. Morris, Ireland",ROCK ON RUBY (IRE),Daryl Jacob,Paul Nicholls,SO YOUNG (FR),R. Walsh,"W. P. Mullins, Ireland",79,ballymore novices hurdle
2010,PEDDLERS CROSS (IRE),Jason Maguire,Donald McCain,REVE DE SIVOLA (FR),Daryl Jacob,"Nick Williams, France",RITE OF PASSAGE,Mr R. P. McNamara,"D. K. Weld, Ireland",80,ballymore novices hurdle
2009,MIKAEL D HAGUENET (FR),R. Walsh,"W. P. Mullins, Ireland",KARABAK (FR),A. P. McCoy,Alan King,DIAMOND HARRY,Timmy Murphy,"Nick Williams, France",81,ballymore novices hurdle
2008,FIVEFORTHREE (IRE),R. Walsh,"W. P. Mullins, Ireland",VENALMAR,Paddy Flood,"M. F. Morris, Ireland",TRAFFORD LAD,Tom Doyle,"E. Sheehy, Ireland",82,ballymore novices hurdle
2007,MASSINI S MAGUIRE (IRE),Richard Johnson,Philip Hobbs,TIDAL BAY (IRE),Paddy Brennan,Howard Johnson,CATCH ME (GER),Barry Geraghty,"E. J. O Grady, Ireland",83,ballymore novices hurdle
2006,NICANOR (FR),Paul Carberry,"Noel Meade, Ireland",DENMAN (IRE),R. Walsh,Paul Nicholls,REFINEMENT (IRE),A. P. McCoy,Jonjo O Neill,84,ballymore novices hurdle
2005,NO REFUGE (IRE),Graham Lee,Howard Johnson,RACING DEMON (IRE),Jim Culloty,Henrietta C Knight,OUR BEN,R. Walsh,"W. P. Mullins, Ireland",85,ballymore novices hurdle
2004,FUNDAMENTALIST (IRE),Carl Llewellyn,Nigel Twiston-Davies,INGLIS DREVER,Graham Lee,Howard Johnson,GREY REPORT (IRE),Richard Johnson,Philip Hobbs,86,ballymore novices hurdle
2003,HARDY EUSTACE (IRE),K. A. Kelly,"D. T. Hughes, Ireland",PIZARRO (IRE),Norman Williamson,"E. J. O Grady, Ireland",LORD SAM (IRE),Warren Marston,Victor Dartnall,87,ballymore novices hurdle
2002,GALILEO (POL),Jason Maguire,Tom George,OVER THE BAR (IRE),Norman Williamson,"E. J. O Grady, Ireland",LANZERAC,P. Flynn,John Harris,88,ballymore novices hurdle
2023,THE REAL WHACKER (IRE),Sam Twiston-Davies,Patrick Neville,GERRI COLOMBE (FR),Jordan Colin Gainford,"Gordon Elliott, Ireland",BRONN (IRE),Daryl Jacob,"W. P. Mullins, Ireland",89,rsa
2022,L'HOMME PRESSE (FR),Charlie Deutsch,Venetia Williams,AHOY SENOR (IRE),Derek Fox,Lucinda Russell,GAILLARD DU MESNIL (FR),P. Townend,"W. P. Mullins, Ireland",90,rsa
2021,MONKFISH (IRE),P. Townend,"W. P. Mullins, Ireland",FIDDLERONTHEROOF (IRE),Robbie Power,Colin Tizzard,THE BIG BREAKAWAY (IRE),Harry Cobden,Colin Tizzard,91,rsa
2020,CHAMP (IRE),Barry Geraghty,Nicky Henderson,MINELLA INDO (IRE),Rachael Blackmore,"Henry de Bromhead, Ireland",ALLAHO (FR),P. Townend,"W. P. Mullins, Ireland",92,rsa
2019,TOPOFTHEGAME (IRE),Harry Cobden,Paul Nicholls,SANTINI,Nico de Boinville,Nicky Henderson,DELTA WORK (FR),Davy Russell,"Gordon Elliott, Ireland",93,rsa
2018,PRESENTING PERCY,Davy Russell,"Patrick G. Kelly, Ireland",MONALEE (IRE),Noel Fehily,"Henry de Bromhead, Ireland",ELEGANT ESCAPE (IRE),Harry Cobden,Colin Tizzard,94,rsa
2017,MIGHT BITE (IRE),Nico de Boinville,Nicky Henderson,WHISPER (FR),Davy Russell,Nicky Henderson,BELLSHILL (IRE),R. Walsh,"W. P. Mullins, Ireland",95,rsa
2016,BLAKLION,Ryan Hatch,Nigel Twiston-Davies,SHANESHILL (IRE),P. Townend,"W. P. Mullins, Ireland",MORE OF THAT (IRE),Barry Geraghty,Jonjo O'Neill,96,rsa
2015,DON POLI (IRE),B. J. Cooper,"W. P. Mullins, Ireland",SOUTHFIELD THEATRE (IRE),Sam Twiston-Davies,Paul Nicholls,WOUNDED WARRIOR (IRE),Paul Carberry,"Noel Meade, Ireland",97,rsa
2014,O'FAOLAINS BOY (IRE),Barry Geraghty,Rebecca Curtis,SMAD PLACE (FR),Robert Thornton,Alan King,MORNING ASSEMBLY (IRE),Davy Russell,"P. A. Fahy, Ireland",98,rsa
2013,LORD WINDERMERE (IRE),Davy Russell,"J. Culloty, Ireland",LYREEN LEGEND (IRE),B. J. Cooper,"D. T. Hughes, Ireland",HADRIAN'S APPROACH (IRE),Barry Geraghty,Nicky Henderson,99,rsa
2012,BOBS WORTH (IRE),Barry Geraghty,Nicky Henderson,FIRST LIEUTENANT (IRE),Davy Russell,"M. F. Morris, Ireland",CALL THE POLICE (IRE),P. Townend,"W. P. Mullins, Ireland",100,rsa
2011,BOSTONS ANGEL (IRE),Robbie Power,"Mrs J. Harrington, Ireland",JESSIES DREAM (IRE),Timmy Murphy,"Gordon Elliott, Ireland",WAYWARD PRINCE,A. P. McCoy,Ian Williams,101,rsa
2010,WEAPON'S AMNESTY (IRE),Davy Russell,"Charles Byrnes, Ireland",BURTON PORT (IRE),A. P. McCoy,Nicky Henderson,LONG RUN (FR),Mr Sam Waley-Cohen,Nicky Henderson,102,rsa
2009,COOLDINE (IRE),R. Walsh,"W. P. Mullins, Ireland",HORNER WOODS (IRE),Robbie Power,"Mrs J. Harrington, Ireland",MASSINI'S MAGUIRE (IRE),Richard Johnson,Philip Hobbs,103,rsa
2008,ALBERTAS RUN (IRE),A. P. McCoy,Jonjo O Neill,ROLL ALONG (IRE),Timmy Murphy,Carl Llewellyn,BATTLECRY,Paddy Brennan,Nigel Twiston-Davies,104,rsa
2007,DENMAN (IRE),R. Walsh,Paul Nicholls,SNOWY MORNING (IRE),Mick Fitzgerald,"W. P. Mullins, Ireland",ACCORDING TO JOHN (IRE),Tony Dobbin,Nicky Richards,105,rsa
2006,STAR DE MOHAISON (FR),Barry Geraghty,Paul Nicholls,IDLE TALK (IRE),Jason Maguire,Tom George,DARKNESS,Paddy Brennan,Charles Egerton,106,rsa
2005,TRABOLGAN (IRE),Mick Fitzgerald,Nicky Henderson,COMPLY OR DIE (IRE),Timmy Murphy,M. C. Pipe,CORNISH REBEL (IRE),R. Walsh,Paul Nicholls,107,rsa
2004,RULE SUPREME (IRE),D. J. Casey,"W. P. Mullins, Ireland",ROYAL EMPEROR (IRE),Dominic Elsworth,Sue Smith,OUR VIC (IRE),A. P. McCoy,M. C. Pipe,108,rsa
2003,ONE KNIGHT (IRE),Richard Johnson,Philip Hobbs,JAIR DU COCHET (FR),J. Ricou,"Guillaume Macaire, France",BARROW DRIVE,Barry Geraghty,"Anthony Mullins, Ireland",109,rsa
2002,HUSSARD COLLONGES (FR),Russ Garritty,P. Beaumont,IZNOGOUD (FR),A. P. McCoy,M. C. Pipe,CHIVES (IRE),R. Guest,Henrietta C Knight,110,rsa
2023,ENERGUMENE (FR),P. Townend,"W. P. Mullins, Ireland",CAPTAIN GUINNESS (IRE),Rachael Blackmore,"Henry de Bromhead, Ireland",GREANETEEN (FR),Harry Cobden,Paul Nicholls,111,queen mother champion chase
2022,ENERGUMENE (FR),P. Townend,"W. P. Mullins, Ireland",FUNAMBULE SIVOLA (FR),Charlie Deutsch,Venetia Williams,ENVOI ALLEN (FR),Rachael Blackmore,"Henry de Bromhead, Ireland",112,queen mother champion chase
2021,PUT THE KETTLE ON (IRE),Aidan Coleman,"Henry de Bromhead, Ireland",NUBE NEGRA (SPA),Harry Skelton,Dan Skelton,CHACUN POUR SOI (FR),P. Townend,"W. P. Mullins, Ireland",113,queen mother champion chase
2020,POLITOLOGUE (FR),Harry Skelton,Paul Nicholls,DYNAMITE DOLLARS (FR),Harry Cobden,Paul Nicholls,BUN DORAN (IRE),Jonathan Burke,Tom George,114,queen mother champion chase
2019,ALTIOR (IRE),Nico de Boinville,Nicky Henderson,POLITOLOGUE (FR),Harry Cobden,Paul Nicholls,SCEAU ROYAL (FR),Daryl Jacob,Alan King,115,queen mother champion chase
2018,ALTIOR (IRE),Nico de Boinville,Nicky Henderson,MIN (FR),P. Townend,"W. P. Mullins, Ireland",GODS OWN (IRE),Paddy Brennan,Tom George,116,queen mother champion chase
2017,SPECIAL TIARA,Noel Fehily,"Henry de Bromhead, Ireland",FOX NORTON (FR),Aidan Coleman,Colin Tizzard,SIR VALENTINO (FR),Paddy Brennan,Tom George,117,queen mother champion chase
2016,SPRINTER SACRE (FR),Nico de Boinville,Nicky Henderson,UN DE SCEAUX (FR),R. Walsh,"W. P. Mullins, Ireland",SPECIAL TIARA,Noel Fehily,"Henry de Bromhead, Ireland",118,queen mother champion chase
2015,DODGING BULLETS,Sam Twiston-Davies,Paul Nicholls,SOMERSBY (IRE),Brian Hughes,Mick Channon,SPECIAL TIARA,Noel Fehily,"Henry de Bromhead, Ireland",119,queen mother champion chase
2014,SIRE DE GRUGY (FR),Jamie Moore,Gary Moore,SOMERSBY (IRE),Dominic Elsworth,Mick Channon,MODULE (FR),Paddy Brennan,Tom George,120,queen mother champion chase
2013,SPRINTER SACRE (FR),Barry Geraghty,Nicky Henderson,SIZING EUROPE (IRE),A. E. Lynch,"Henry de Bromhead, Ireland",WISHFULL THINKING,Richard Johnson,Philip Hobbs,121,queen mother champion chase
2012,FINIANS RAINBOW (IRE),Barry Geraghty,Nicky Henderson,SIZING EUROPE (IRE),A. E. Lynch,"Henry de Bromhead, Ireland",BIG ZEB (IRE),Robbie Power,"Colm A. Murphy, Ireland",122,queen mother champion chase
2011,SIZING EUROPE (IRE),A. E. Lynch,"Henry de Bromhead, Ireland",BIG ZEB (IRE),Barry Geraghty,"Colm A. Murphy, Ireland",CAPTAIN CEE BEE (IRE),A. P. McCoy,"Edward P. Harty, Ireland",123,queen mother champion chase
2010,BIG ZEB (IRE),Barry Geraghty,"Colm A. Murphy, Ireland",FORPADYDEPLASTERER (IRE),A. P. McCoy,"Thomas Cooper, Ireland",KALAHARI KING (FR),Graham Lee,"Ferdy Murphy, France",124,queen mother champion chase
2009,MASTER MINDED (FR),R. Walsh,Paul Nicholls,WELL CHIEF (GER),Timmy Murphy,David Pipe,PETIT ROBIN (FR),Barry Geraghty,Nicky Henderson,125,queen mother champion chase
2008,MASTER MINDED (FR),R. Walsh,Paul Nicholls,VOY POR USTEDES (FR),Robert Thornton,Alan King,FAIR ALONG (GER),Richard Johnson,Philip Hobbs,126,queen mother champion chase
2007,VOY POR USTEDES (FR),Robert Thornton,Alan King,DEMPSEY (IRE),Noel Fehily,Carl Llewellyn,RIVER CITY (IRE),Tom Doyle,Noel Chance,127,queen mother champion chase
2006,NEWMILL (IRE),Andrew J. McNamara,"John Joseph Murphy, Ireland",FOTA ISLAND (IRE),A. P. McCoy,"M. F. Morris, Ireland",MISTER MCGOLDRICK,Dominic Elsworth,Sue Smith,128,queen mother champion chase
2005,MOSCOW FLYER (IRE),Barry Geraghty,"Mrs J. Harrington, Ireland",WELL CHIEF (GER),Timmy Murphy,M. C. Pipe,AZERTYUIOP (FR),R. Walsh,Paul Nicholls,129,queen mother champion chase
2004,AZERTYUIOP (FR),R. Walsh,Paul Nicholls,FLAGSHIP UBERALLES (IRE),Richard Johnson,Philip Hobbs,TIUTCHEV,A. P. McCoy,M. C. Pipe,130,queen mother champion chase
2003,MOSCOW FLYER (IRE),Barry Geraghty,"Mrs J. Harrington, Ireland",NATIVE UPMANSHIP (IRE),Conor O Dwyer,"A. L. T. Moore, Ireland",CENKOS (FR),R. Walsh,Paul Nicholls,131,queen mother champion chase
2002,FLAGSHIP UBERALLES (IRE),Richard Johnson,Philip Hobbs,NATIVE UPMANSHIP (IRE),Conor O Dwyer,"A. L. T. Moore, Ireland",CENKOS (FR),Timmy Murphy,Paul Nicholls,132,queen mother champion chase
2023,STAGE STAR (IRE),Harry Cobden,Paul Nicholls,NOTLONGTILLMAY,Adam Wedge,L J Morgan,MIGHTY POTTER (FR),Davy Russell,"Gordon Elliott, Ireland",133,turners novices chase
2022,BOB OLINGER (IRE),Rachael Blackmore,"Henry de Bromhead, Ireland",BUSSELTON (FR),J. J. Slevin,"Joseph Patrick O'Brien, Ireland",EL BARRA (FR),Mr P. W. Mullins,"W. P. Mullins, Ireland",134,turners novices chase
2021,CHANTRY HOUSE (IRE),Nico de Boinville,Nicky Henderson,FUSIL RAFFLES (FR),Daryl Jacob,Nicky Henderson,ASTERION FORLONGE (FR),P. Townend,"W. P. Mullins, Ireland",135,turners novices chase
2020,SAMCRO (IRE),Davy Russell,"Gordon Elliott, Ireland",MELON,Mr P. W. Mullins,"W. P. Mullins, Ireland",FAUGHEEN (IRE),P. Townend,"W. P. Mullins, Ireland",136,turners novices chase
2019,DEFI DU SEUIL (FR),Barry Geraghty,Philip Hobbs,LOSTINTRANSLATION (IRE),Robbie Power,Colin Tizzard,MENGLI KHAN (IRE),J. W. Kennedy,"Gordon Elliott, Ireland",137,turners novices chase
2018,SHATTERED LOVE (IRE),J. W. Kennedy,"Gordon Elliott, Ireland",TERREFORT (FR),Daryl Jacob,Nicky Henderson,BENATAR (IRE),Jamie Moore,Gary Moore,138,turners novices chase
2017,YORKHILL (IRE),R. Walsh,"W. P. Mullins, Ireland",TOP NOTCH (FR),Daryl Jacob,Nicky Henderson,DISKO (FR),B. J. Cooper,"Noel Meade, Ireland",139,turners novices chase
2016,BLACK HERCULES (IRE),R. Walsh,"W. P. Mullins, Ireland",BRISTOL DE MAI (FR),Daryl Jacob,Nigel Twiston-Davies,L'AMI SERGE (IRE),Nico de Boinville,Nicky Henderson,140,turners novices chase
2015,VAUTOUR (FR),R. Walsh,"W. P. Mullins, Ireland",APACHE STRONGHOLD (IRE),Paul Carberry,"Noel Meade, Ireland",VALSEUR LIDO (FR),B. J. Cooper,"W. P. Mullins, Ireland",141,turners novices chase
2014,TAQUIN DU SEUIL (FR),A. P. McCoy,Jonjo O Neill,UXIZANDRE (FR),Robert Thornton,Alan King,DOUBLE ROSS (IRE),Sam Twiston-Davies,Nigel Twiston-Davies,142,turners novices chase
2013,BENEFFICIENT (IRE),B. J. Cooper,"A. J. Martin, Ireland",DYNASTE (FR),Tom Scudamore,David Pipe,CHANGING TIMES (IRE),Sam Twiston-Davies,Nigel Twiston-Davies,143,turners novices chase
2012,SIR DES CHAMPS (FR),Davy Russell,"W. P. Mullins, Ireland",CHAMPION COURT (IRE),Alain Cawley,Martin Keighley,FOR NON STOP (IRE),Noel Fehily,"Nick Williams, France",144,turners novices chase
2011,NOBLE PRINCE (GER),A. P. McCoy,"Paul Nolan, Ireland",WISHFULL THINKING,Richard Johnson,Philip Hobbs,LOOSEN MY LOAD (IRE),A. E. Lynch,"Henry de Bromhead, Ireland",145,turners novices chase
2023,ENVOI ALLEN (FR),Rachael Blackmore,"Henry de Bromhead, Ireland",SHISHKIN (IRE),Nico de Boinville,Nicky Henderson,HITMAN (FR),Harry Cobden,Paul Nicholls,146,ryanair
2022,ALLAHO (FR),P. Townend,"W. P. Mullins, Ireland",JANIDIL (FR),M. P. Walsh,"W. P. Mullins, Ireland",ELDORADO ALLEN (FR),Brendan Powell,Colin Tizzard,147,ryanair
2021,ALLAHO (FR),Rachael Blackmore,"W. P. Mullins, Ireland",FAKIR D OUDAIRIES (FR),M. P. Walsh,"Joseph Patrick O Brien, Ireland",TORNADO FLYER (IRE),D. E. Mullins,"W. P. Mullins, Ireland",148,ryanair
2020,MIN (FR),P. Townend,"W. P. Mullins, Ireland",SAINT CALVADOS (FR),Gavin Sheehan,Harry Whittington,A PLUS TARD (FR),Rachael Blackmore,"Henry de Bromhead, Ireland",149,ryanair
2019,FRODON (FR),Bryony Frost,Paul Nicholls,ASO (FR),Charlie Deutsch,Venetia Williams,ROAD TO RESPECT (IRE),Sean Flanagan,"Noel Meade, Ireland",150,ryanair
2018,BALKO DES FLOS (FR),Davy Russell,"Henry de Bromhead, Ireland",UN DE SCEAUX (FR),P. Townend,"W. P. Mullins, Ireland",CLOUDY DREAM (IRE),Brian Hughes,Ruth Jefferson,151,ryanair
2017,UN DE SCEAUX (FR),R. Walsh,"W. P. Mullins, Ireland",SUB LIEUTENANT (IRE),D. J. Mullins,"Henry de Bromhead, Ireland",ASO (FR),Charlie Deutsch,Venetia Williams,152,ryanair
2016,VAUTOUR (FR),R. Walsh,"W. P. Mullins, Ireland",VALSEUR LIDO (FR),D. J. Mullins,"W. P. Mullins, Ireland",ROAD TO RICHES (IRE),B. J. Cooper,"Noel Meade, Ireland",153,ryanair
2015,UXIZANDRE (FR),A. P. McCoy,Alan King,MA FILLEULE (FR),Barry Geraghty,Nicky Henderson,DON COSSACK (GER),B. J. Cooper,"Gordon Elliott, Ireland",154,ryanair
2014,DYNASTE (FR),Tom Scudamore,David Pipe,HIDDEN CYCLONE (IRE),Andrew J. McNamara,"John Joseph Hanlon, Ireland",RAJDHANI EXPRESS,Mr Sam Waley-Cohen,Nicky Henderson,155,ryanair
2013,CUE CARD,Joe Tizzard,Colin Tizzard,FIRST LIEUTENANT (IRE),B. J. Cooper,"M. F. Morris, Ireland",FOR NON STOP (IRE),Noel Fehily,"Nick Williams, France",156,ryanair
2012,RIVERSIDE THEATRE,Barry Geraghty,Nicky Henderson,ALBERTAS RUN (IRE),A. P. McCoy,Jonjo O Neill,MEDERMIT (FR),Robert Thornton,Alan King,157,ryanair
2011,ALBERTAS RUN (IRE),A. P. McCoy,Jonjo O Neill,KALAHARI KING (FR),Graham Lee,"Ferdy Murphy, France",RUBI LIGHT (FR),A. E. Lynch,"Robert Hennessy, Ireland",158,ryanair
2010,ALBERTAS RUN (IRE),A. P. McCoy,Jonjo O Neill,POQUELIN (FR),R. Walsh,Paul Nicholls,JY VOLE (FR),Davy Condon,"W. P. Mullins, Ireland",159,ryanair
2009,IMPERIAL COMMANDER (IRE),Paddy Brennan,Nigel Twiston-Davies,VOY POR USTEDES (FR),Robert Thornton,Alan King,SCHINDLERS HUNT (IRE),Paddy Flood,"D. T. Hughes, Ireland",160,ryanair
2008,OUR VIC (IRE),Timmy Murphy,David Pipe,MOSSBANK (IRE),Davy Russell,"M. Hourigan, Ireland",TURKO (FR),R. Walsh,Paul Nicholls,161,ryanair
2007,TARANIS (FR),R. Walsh,Paul Nicholls,OUR VIC (IRE),Timmy Murphy,David Pipe,BILLYVODDAN (IRE),Richard Johnson,Henry Daly,162,ryanair
2006,FONDMORT (FR),Mick Fitzgerald,Nicky Henderson,LACDOUDAL (FR),Richard Johnson,Philip Hobbs,IMPEK (FR),A. P. McCoy,Henrietta C Knight,163,ryanair
2005,THISTHATANDTOTHER (IRE),R. Walsh,Paul Nicholls,FONDMORT (FR),Mick Fitzgerald,Nicky Henderson,RATHGAR BEAU (IRE),J. R. Barry,"E. Sheehy, Ireland",164,ryanair
2023,SIRE DU BERLAIS (FR),M. P. Walsh,"Gordon Elliott, Ireland",DASHEL DRASHER,Rex Dingle,Jeremy Scott,TEAHUPOO (FR),Davy Russell,"Gordon Elliott, Ireland",165,stayers hurdle
2022,FLOORING PORTER (IRE),D. E. Mullins,"Gavin Patrick Cromwell, Ireland",THYME HILL,Tom O'Brien,Philip Hobbs,PAISLEY PARK (IRE),Aidan Coleman,Emma Lavelle,166,stayers hurdle
2021,FLOORING PORTER (IRE),D. E. Mullins,"Gavin Patrick Cromwell, Ireland",SIRE DU BERLAIS (FR),M. P. Walsh,"Mrs Denise Foster, Ireland",PAISLEY PARK (IRE),Aidan Coleman,Emma Lavelle,167,stayers hurdle
2020,LISNAGAR OSCAR (IRE),Adam Wedge,Rebecca Curtis,RONALD PUMP,B. J. Cooper,"Matthew J. Smith, Ireland",BACARDYS (FR),Mr P. W. Mullins,"W. P. Mullins, Ireland",168,stayers hurdle
2019,PAISLEY PARK (IRE),Aidan Coleman,Emma Lavelle,SAM SPINNER,Joe Colliver,Jedd O'Keeffe,FAUGHEEN (IRE),R. Walsh,"W. P. Mullins, Ireland",169,stayers hurdle
2018,PENHILL,P. Townend,"W. P. Mullins, Ireland",SUPASUNDAE,Robbie Power,"Mrs J. Harrington, Ireland",WHOLESTONE (IRE),Aidan Coleman,Nigel Twiston-Davies,170,stayers hurdle
2017,NICHOLS CANYON,R. Walsh,"W. P. Mullins, Ireland",LIL ROCKERFELLER (USA),Trevor Whelan,Neil King,UNOWHATIMEANHARRY,Noel Fehily,Harry Fry,171,stayers hurdle
2016,THISTLECRACK,Tom Scudamore,Colin Tizzard,ALPHA DES OBEAUX (FR),B. J. Cooper,"M. F. Morris, Ireland",BOBS WORTH (IRE),David Bass,Nicky Henderson,172,stayers hurdle
2015,COLE HARDEN (IRE),Gavin Sheehan,Warren Greatrex,SAPHIR DU RHEU (FR),Sam Twiston-Davies,Paul Nicholls,ZARKANDAR (IRE),Noel Fehily,Paul Nicholls,173,stayers hurdle
2014,MORE OF THAT (IRE),Barry Geraghty,Jonjo O'Neill,ANNIE POWER (IRE),R. Walsh,"W. P. Mullins, Ireland",AT FISHERS CROSS (IRE),A. P. McCoy,Rebecca Curtis,174,stayers hurdle
2013,SOLWHIT (FR),Paul Carberry,"Charles Byrnes, Ireland",CELESTIAL HALO (IRE),Daryl Jacob,Paul Nicholls,SMAD PLACE (FR),Wayne Hutchinson,Alan King,175,stayers hurdle
2012,BIG BUCK'S (FR),R. Walsh,Paul Nicholls,VOLER LA VEDETTE (IRE),A. E. Lynch,"Colm A. Murphy, Ireland",SMAD PLACE (FR),Robert Thornton,Alan King,176,stayers hurdle
2011,BIG BUCK'S (FR),R. Walsh,Paul Nicholls,GRANDS CRUS (FR),Tom Scudamore,David Pipe,MOURAD (IRE),P. Townend,"W. P. Mullins, Ireland",177,stayers hurdle
2010,BIG BUCK'S (FR),R. Walsh,Paul Nicholls,TIME FOR RUPERT (IRE),William Kennedy,Paul Webber,POWERSTATION (IRE),Andrew J. McNamara,"Eamonn O'Connell, Ireland",178,stayers hurdle
2009,BIG BUCK'S (FR),R. Walsh,Paul Nicholls,PUNCHESTOWNS (FR),Barry Geraghty,Nicky Henderson,POWERSTATION (IRE),Andrew J. McNamara,"Eamonn O'Connell, Ireland",179,stayers hurdle
2008,INGLIS DREVER,Denis O'Regan,Howard Johnson,KASBAH BLISS (FR),Christophe Pieux,"Francois Doumen, France",KAZAL (FR),Barry Geraghty,"Eoin Griffin, Ireland",180,stayers hurdle
2007,INGLIS DREVER,Paddy Brennan,Howard Johnson,MIGHTY MAN (FR),Richard Johnson,Henry Daly,BLAZING BAILEY,Robert Thornton,Alan King,181,stayers hurdle
2006,MY WAY DE SOLZEN (FR),Robert Thornton,Alan King,GOLDEN CROSS (IRE),Johnny Murtagh,"M. Halford, Ireland",MIGHTY MAN (FR),Richard Johnson,Henry Daly,182,stayers hurdle
2005,INGLIS DREVER,Graham Lee,Howard Johnson,BARACOUDA (FR),A. P. McCoy,"Francois Doumen, France",RULE SUPREME (IRE),D. J. Casey,"W. P. Mullins, Ireland",183,stayers hurdle
2004,IRIS'S GIFT,Barry Geraghty,Jonjo O'Neill,BARACOUDA (FR),T. Doumen,"Francois Doumen, France",CRYSTAL D'AINAY (FR),Robert Thornton,Alan King,184,stayers hurdle
2003,BARACOUDA (FR),T. Doumen,"Francois Doumen, France",IRIS'S GIFT,Barry Geraghty,Jonjo O'Neill,LIMESTONE LAD (IRE),Paul Carberry,"James Bowe, Ireland",185,stayers hurdle
2002,BARACOUDA (FR),T. Doumen,"Francois Doumen, France",BANNOW BAY (IRE),C. F. Swan,"C. Roche, Ireland",IT TAKES TIME (IRE),A. P. McCoy,M. C. Pipe,186,stayers hurdle
2000,BACCHANAL (IRE),Mick Fitzgerald,Nicky Henderson,LIMESTONE LAD (IRE),S. M. McGovern,"James Bowe, Ireland",BEHRAJAN (IRE),Richard Johnson,Henry Daly,187,stayers hurdle
2023,LOSSIEMOUTH (FR),P. Townend,"W. P. Mullins, Ireland",GALA MARCEAU (FR),D. E. Mullins,"W. P. Mullins, Ireland",ZENTA (FR),M. P. Walsh,"W. P. Mullins, Ireland",188,triumph
2022,VAUBAN (FR),P. Townend,"W. P. Mullins, Ireland",FIL DOR (FR),Davy Russell,"Gordon Elliott, Ireland",PIED PIPER,J. W. Kennedy,"Gordon Elliott, Ireland",189,triumph
2021,QUILIXIOS,Rachael Blackmore,"Henry de Bromhead, Ireland",ADAGIO (GER),Tom Scudamore,David Pipe,HAUT EN COULEURS (FR),P. Townend,"W. P. Mullins, Ireland",190,triumph
2020,BURNING VICTORY (FR),P. Townend,"W. P. Mullins, Ireland",ASPIRE TOWER (IRE),Rachael Blackmore,"Henry de Bromhead, Ireland",ALLMANKIND,Harry Skelton,Dan Skelton,191,triumph
2019,PENTLAND HILLS (IRE),Nico de Boinville,Nicky Henderson,COEUR SUBLIME (IRE),Davy Russell,"Gordon Elliott, Ireland",GARDENS OF BABYLON (IRE),Barry Geraghty,"Joseph Patrick O Brien, Ireland",192,triumph
2018,FARCLAS (FR),J. W. Kennedy,"Gordon Elliott, Ireland",MR ADJUDICATOR,P. Townend,"W. P. Mullins, Ireland",SAYO,D. E. Mullins,"W. P. Mullins, Ireland",193,triumph
2017,DEFI DU SEUIL (FR),Richard Johnson,Philip Hobbs,MEGA FORTUNE (FR),Davy Russell,"Gordon Elliott, Ireland",BAPAUME (FR),R. Walsh,"W. P. Mullins, Ireland",194,triumph
2016,IVANOVICH GORBATOV (IRE),Barry Geraghty,"Aidan O Brien, Ireland",APPLES JADE (FR),B. J. Cooper,"W. P. Mullins, Ireland",FOOTPAD (FR),R. Walsh,"W. P. Mullins, Ireland",195,triumph
2015,PEACE AND CO (FR),Barry Geraghty,Nicky Henderson,TOP NOTCH (FR),Daryl Jacob,Nicky Henderson,HARGAM (FR),A. P. McCoy,Nicky Henderson,196,triumph
2014,TIGER ROLL (IRE),Davy Russell,"Gordon Elliott, Ireland",KENTUCKY HYDEN (IRE),David Bass,Nicky Henderson,GUITAR PETE (IRE),Paul Carberry,"D. T. Hughes, Ireland",197,triumph
2013,OUR CONOR (IRE),B. J. Cooper,"D. T. Hughes, Ireland",FAR WEST (FR),R. Walsh,Paul Nicholls,SAMETEGAL (FR),Ryan Mahon,Paul Nicholls,198,triumph
2012,COUNTRYWIDE FLAME,Dougie Costello,John Quinn,HISAABAAT (IRE),A. E. Lynch,"D. K. Weld, Ireland",GRUMETI,Robert Thornton,Alan King,199,triumph
2011,ZARKANDAR (IRE),Daryl Jacob,Paul Nicholls,UNACCOMPANIED (IRE),P. Townend,"D. K. Weld, Ireland",GRANDOUET (FR),Barry Geraghty,Nicky Henderson,200,triumph
2010,SOLDATINO (FR),Barry Geraghty,Nicky Henderson,BARIZAN (IRE),Tom O Brien,Evan Williams,ALAIVAN (IRE),Andrew J. McNamara,"E. J. O Grady, Ireland",201,triumph
2009,ZAYNAR (FR),Barry Geraghty,Nicky Henderson,WALKON (FR),Robert Thornton,Alan King,MOURAD (IRE),R. Walsh,"W. P. Mullins, Ireland",202,triumph
2008,CELESTIAL HALO (IRE),R. Walsh,Paul Nicholls,FRANCHOEK (IRE),A. P. McCoy,Alan King,WON IN THE DARK (IRE),Andrew J. McNamara,"Sabrina J. Harty, Ireland",203,triumph
2007,KATCHIT (IRE),Robert Thornton,Alan King,LIBERATE,Richard Johnson,Philip Hobbs,MOBAASHER (USA),Noel Fehily,Charlie Mann,204,triumph
2006,DETROIT CITY (USA),Richard Johnson,Philip Hobbs,FAIR ALONG (GER),Paddy Brennan,Philip Hobbs,BLAZING BAILEY,Robert Thornton,Alan King,205,triumph
2005,PENZANCE,Robert Thornton,Alan King,FAASEL (IRE),Tony Dobbin,Nicky Richards,AKILAK (IRE),Graham Lee,Howard Johnson,206,triumph
2004,MADE IN JAPAN (JPN),Richard Johnson,Philip Hobbs,CHIEF YEOMAN,Tony Dobbin,Venetia Williams,TOP STRATEGY (IRE),R. Walsh,"T. M. Walsh, Ireland",207,triumph
2003,SPECTROSCOPE (IRE),Barry Geraghty,Jonjo O Neill,WELL CHIEF (GER),A. P. McCoy,M. C. Pipe,GOLDEN CROSS (IRE),C. F. Swan,"M. Halford, Ireland",208,triumph
2002,SCOLARDY (IRE),C. F. Swan,"W. P. Mullins, Ireland",NEWHALL (IRE),F. J. Flood,"F. Flood, Ireland",DIAMOND JOSHUA (IRE),Jim Culloty,John Berry,209,triumph
2023,IROKO (FR),A. P. Kelly,Oliver Greenall & Josh Guerriero,NO ORDINARY JOE (IRE),Luca Morgan,Nicky Henderson,BUDDY ONE (IRE),Jack G. Gilligan,"Paul John Gilligan, Ireland",210,martin pipe
2022,BANBRIDGE (IRE),M. M. McDonagh,"Joseph Patrick O'Brien, Ireland",COBBLERS DREAM (IRE),Mr Jack Andrews,Ben Case,HOLLOW GAMES (IRE),Jordan Colin Gainford,"Gordon Elliott, Ireland",211,martin pipe
2021,GALOPIN DES CHAMPS (FR),S. F. O'Keeffe,"W. P. Mullins, Ireland",LANGER DAN (IRE),Lorcan Williams,Dan Skelton,FLOUEUR (FR),Paul O'Brien,"Joseph Patrick O'Brien, Ireland",212,martin pipe
2020,INDEFATIGABLE (IRE),Rex Dingle,Paul Webber,PILEON (IRE),Ben Jones,Philip Hobbs,GREAT WHITE SHARK (FR),D. J. McInerney,"W. P. Mullins, Ireland",213,martin pipe
2019,EARLY DOORS (FR),Jonjo O'Neill Jr.,"Joseph Patrick O'Brien, Ireland",DALLAS DES PICTONS (FR),Donagh Meyler,"Gordon Elliott, Ireland",DEFI BLEU (FR),C. Brassil,"Gordon Elliott, Ireland",214,martin pipe
2018,BLOW BY BLOW (IRE),Donagh Meyler,"Gordon Elliott, Ireland",DISCORAMA (FR),Dylan Robinson,"Paul Nolan, Ireland",EARLY DOORS (FR),J. J. Slevin,"Joseph Patrick O'Brien, Ireland",215,martin pipe
2017,CHAMPAGNE CLASSIC (IRE),J. J. Slevin,"Gordon Elliott, Ireland",VERNI (FR),Tom Cheesman,Philip Hobbs,RUNFORDAVE (IRE),Donagh Meyler,"Gordon Elliott, Ireland",216,martin pipe
2016,IBIS DU RHEU (FR),Jack Sherwood,Paul Nicholls,FLYING ANGEL (IRE),Ryan Hatch,Nigel Twiston-Davies,SKY KHAN,Derek Fox,Lucinda Russell,217,martin pipe
2015,KILLULTAGH VIC (IRE),L. P. Dempsey,"W. P. Mullins, Ireland",NOBLE ENDEAVOR (IRE),K. C. Sexton,"Gordon Elliott, Ireland",ROI DES FRANCS (FR),D. J. Mullins,"W. P. Mullins, Ireland",218,martin pipe
2014,DON POLI (IRE),M. P. Fogarty,"W. P. Mullins, Ireland",THOMAS CRAPPER,Joseph Palmowski,Robin Dickin,CAID DU BERLAIS (FR),Harry Derham,Paul Nicholls,219,martin pipe
2013,SALUBRIOUS (IRE),Harry Derham,Paul Nicholls,NAGPUR (FR),Tom Cannon,Venetia Williams,DOUBLE ROSS (IRE),Adam Wedge,Nigel Twiston-Davies,220,martin pipe
2012,ATTAGLANCE,Harry Haynes,Malcolm Jefferson,TONER D'OUDAIRIES (FR),Keith Donoghue,"Gordon Elliott, Ireland",OSCAR NOMINEE (IRE),David Bass,Nicky Henderson,221,martin pipe
2011,SIR DES CHAMPS (FR),Emmet Mullins,"W. P. Mullins, Ireland",SON OF FLICKA,Henry Brooke,Donald McCain,FIRST POINT (GER),David Bass,Nicky Henderson,222,martin pipe
2010,PAUSE AND CLAUSE (IRE),Johnny Farrelly,Emma Lavelle,RADIUM (FR),Harry Skelton,Nicky Henderson,CLOVA ISLAND,Giles Hawkins,Philip Hobbs,223,martin pipe
2009,ANDYTOWN (IRE),Felix de Giles,Nicky Henderson,MIDNIGHT CHASE,Matt O'Connor,Neil Mulholland,BIG EARED FRAN (IRE),Johnny Farrelly,David Pipe,224,martin pipe
2023,CONSTITUTION HILL,Nico de Boinville,Nicky Henderson,STATE MAN (FR),P. Townend,"W. P. Mullins, Ireland",ZANAHIYR (IRE),Davy Russell,"Gordon Elliott, Ireland",225,champion_hurdle
2022,HONEYSUCKLE,Rachael Blackmore,"Henry de Bromhead, Ireland",EPATANTE (FR),Aidan Coleman,Nicky Henderson,SAINT ROI (FR),M. P. Walsh,"W. P. Mullins, Ireland",226,champion_hurdle
2021,HONEYSUCKLE,Rachael Blackmore,"Henry de Bromhead, Ireland",SHARJAH (FR),P. Townend,"W. P. Mullins, Ireland",EPATANTE (FR),Aidan Coleman,Nicky Henderson,227,champion_hurdle
2020,EPATANTE (FR),Barry Geraghty,Nicky Henderson,SHARJAH (FR),Mr P. W. Mullins,"W. P. Mullins, Ireland",DARVER STAR (IRE),Jonathan Moore,"Gavin Patrick Cromwell, Ireland",228,champion_hurdle
2019,ESPOIR D ALLEN (FR),M. P. Walsh,"Gavin Patrick Cromwell, Ireland",MELON,P. Townend,"W. P. Mullins, Ireland",SILVER STREAK (IRE),Adam Wedge,Evan Williams,229,champion_hurdle
2018,BUVEUR D AIR (FR),Barry Geraghty,Nicky Henderson,MELON,P. Townend,"W. P. Mullins, Ireland",MICK JAZZ (FR),Davy Russell,"Gordon Elliott, Ireland",230,champion_hurdle
2017,BUVEUR D AIR (FR),Noel Fehily,Nicky Henderson,MY TENT OR YOURS (IRE),Aidan Coleman,Nicky Henderson,PETIT MOUCHOIR (FR),B. J. Cooper,"Henry de Bromhead, Ireland",231,champion_hurdle
2016,ANNIE POWER (IRE),R. Walsh,"W. P. Mullins, Ireland",MY TENT OR YOURS (IRE),Barry Geraghty,Nicky Henderson,NICHOLS CANYON,P. Townend,"W. P. Mullins, Ireland",232,champion_hurdle
2015,FAUGHEEN (IRE),R. Walsh,"W. P. Mullins, Ireland",ARCTIC FIRE (GER),D. E. Mullins,"W. P. Mullins, Ireland",HURRICANE FLY (IRE),P. Townend,"W. P. Mullins, Ireland",233,champion_hurdle
2014,JEZKI (IRE),Barry Geraghty,"Mrs J. Harrington, Ireland",MY TENT OR YOURS (IRE),A. P. McCoy,Nicky Henderson,THE NEW ONE (IRE),Sam Twiston-Davies,Nigel Twiston-Davies,234,champion_hurdle
2013,HURRICANE FLY (IRE),R. Walsh,"W. P. Mullins, Ireland",ROCK ON RUBY (IRE),Noel Fehily,Harry Fry,COUNTRYWIDE FLAME,Denis O Regan,John Quinn,235,champion_hurdle
2012,ROCK ON RUBY (IRE),Noel Fehily,Paul Nicholls,OVERTURN (IRE),Jason Maguire,Donald McCain,HURRICANE FLY (IRE),R. Walsh,"W. P. Mullins, Ireland",236,champion_hurdle
2011,HURRICANE FLY (IRE),R. Walsh,"W. P. Mullins, Ireland",PEDDLERS CROSS (IRE),Jason Maguire,Donald McCain,OSCAR WHISKY (IRE),Barry Geraghty,Nicky Henderson,237,champion_hurdle
2010,BINOCULAR (FR),A. P. McCoy,Nicky Henderson,KHYBER KIM,Paddy Brennan,Nigel Twiston-Davies,ZAYNAR (FR),Andrew Tinkler,Nicky Henderson,238,champion_hurdle
2009,PUNJABI,Barry Geraghty,Nicky Henderson,CELESTIAL HALO (IRE),R. Walsh,Paul Nicholls,BINOCULAR (FR),A. P. McCoy,Nicky Henderson,239,champion_hurdle
2008,KATCHIT (IRE),Robert Thornton,Alan King,OSANA (FR),Tom Scudamore,David Pipe,PUNJABI,Barry Geraghty,Nicky Henderson,240,champion_hurdle
2007,SUBLIMITY (FR),Philip A. Carberry,"John G. Carr, Ireland",BRAVE INCA (IRE),R. Walsh,"Colm A. Murphy, Ireland",AFSOUN (FR),Mick Fitzgerald,Nicky Henderson,241,champion_hurdle
2006,BRAVE INCA (IRE),A. P. McCoy,"Colm A. Murphy, Ireland",MACS JOY (IRE),Barry Geraghty,"Mrs J. Harrington, Ireland",HARDY EUSTACE (IRE),Conor O Dwyer,"D. T. Hughes, Ireland",242,champion_hurdle
2005,HARDY EUSTACE (IRE),Conor O Dwyer,"D. T. Hughes, Ireland",HARCHIBALD (FR),Paul Carberry,"Noel Meade, Ireland",BRAVE INCA (IRE),B. M. Cash,"Colm A. Murphy, Ireland",243,champion_hurdle
2004,HARDY EUSTACE (IRE),Conor O Dwyer,"D. T. Hughes, Ireland",ROOSTER BOOSTER,Richard Johnson,Philip Hobbs,INTERSKY FALCON,L. Cooper,Jonjo O Neill,244,champion_hurdle
2003,ROOSTER BOOSTER,Richard Johnson,Philip Hobbs,WESTENDER (FR),Rodi Greene,M. C. Pipe,RHINESTONE COWBOY (IRE),Norman Williamson,Jonjo O Neill,245,champion_hurdle
2002,HORS LA LOI III (FR),D. Gallagher,James Fanshawe,MARBLE ARCH,R. Walsh,Hughie Morrison,BILBOA (FR),T. Doumen,"Francois Doumen, France",246,champion_hurdle
